tweets,date,city,user_location,id,link
Â¡Mikel Landa deberÃ¡ ser operado tras su accidente en el Giro de Italia!  https://t.co/ekMmBdYX7J,2021-05-13 23:58:34,BogotÃ¡,BogotÃ¡,1392992698085388291,https://twitter.com/i/web/status/1392992698085388291
Â¡Golpea el Ineos! ğŸ‡¨ğŸ‡´ğŸ”¥ğŸš´â€â™‚ï¸Egan Bernal otra vez comandÃ³ el ataque en los favoritos y ya se metiÃ³ al podio de la general en el Giro de Italia â¡ï¸â¡ï¸ https://t.co/6yQSA9HD7k https://t.co/xuZF6erPQ5,2021-05-13 23:00:00,BogotÃ¡,BogotÃ¡. Colombia,1392977960177569793,https://twitter.com/i/web/status/1392977960177569793
"#DeportesRCN |VIDEO| ğŸ‡¨ğŸ‡´ğŸš´â€â™‚ï¸

Egan Bernal hablÃ³ de la sexta etapa, su estrategia en el Giro de Italia 2021 y la idea del ataque

#NuestroCiclismo   https://t.co/n5CPSVWgUp",2021-05-13 22:45:26,BogotÃ¡,"BogotÃ¡, Colombia",1392974292242112518,https://twitter.com/i/web/status/1392974292242112518
"Felicitaciones para el Ciclista colombiano @Eganbernal quien fue segundo hoy en la 6 etapa del Giro de Italia y logrÃ³ meterse en el pÃ³dium.

En el Ãºltimo kilÃ³metro logrÃ³ meterse dentro de los primeros para quedarse con un lugar especial en la tabla de posiciones. https://t.co/n8PTrNkyzB",2021-05-13 22:19:56,BogotÃ¡,"BogotÃ¡, D.C., Colombia",1392967876970229767,https://twitter.com/i/web/status/1392967876970229767
"El ciclista colombiano Egan Bernal, se luciÃ³ en la etapa de montaÃ±a que se realizÃ³ el dÃ­a de hoy, demostrando que tiene toda la capacidad para luchar por el tÃ­tulo del Giro de Italia 2021.

https://t.co/G297IC28o5",2021-05-13 21:53:27,BogotÃ¡,"BogotÃ¡, D.C., Colombia",1392961213424979970,https://twitter.com/i/web/status/1392961213424979970
"#DeportesRCN #NuestroCiclismo 

Giro de Italia 2021: drÃ¡stica medida se tomÃ³ con el chofer que atropellÃ³ a Pieter Serry
 https://t.co/x1GJ6smJBo",2021-05-13 21:43:07,BogotÃ¡,"BogotÃ¡, Colombia",1392958610582474757,https://twitter.com/i/web/status/1392958610582474757
"@NoticiasCaracol A mÃ­ lo que me parece curioso es que dicen que el fÃºtbol es un distractor por lo que no es adecuado que en este momento se desarrollen este tipo de eventos, pero, a los estadios no estÃ¡ asistiendo nadie y por televisiÃ³n se puede ver el giro de Italia, ligas del mundo, etc.,",2021-05-13 21:20:08,BogotÃ¡,"BogotÃ¡, D.C., Colombia",1392952826884677634,https://twitter.com/i/web/status/1392952826884677634
"#GirodeItalia  Este viernes, 14 de mayo, se disputarÃ¡n los 181 kilÃ³metros entre Notaresco y Termoli.  https://t.co/wSPw5Dtte2",2021-05-13 21:15:14,BogotÃ¡,BogotÃ¡,1392951596141658114,https://twitter.com/i/web/status/1392951596141658114
Giro de Italia 2021: VÃ­deo resumen de la etapa 6 https://t.co/p1cXQ4yhN8,2021-05-13 20:49:37,BogotÃ¡,BogotÃ¡ Colombia,1392945146744819714,https://twitter.com/i/web/status/1392945146744819714
"Egan Bernal no tenÃ­a pensado atacar, contÃ³ por quÃ© lo hizo... @ELTIEMPO https://t.co/TEHbpebVHW",2021-05-13 20:40:23,BogotÃ¡,BogotÃ¡,1392942824182722560,https://twitter.com/i/web/status/1392942824182722560
"@germanarango1 jajajajja del giro de italia., un abrazo",2021-05-13 20:33:30,BogotÃ¡,"BogotÃ¡, Colombia",1392941089816989703,https://twitter.com/i/web/status/1392941089816989703
"Hoy Bernal le sacÃ³ 35 segundos a Simon Yates, Vlasov y Carthy, los otros tres grandes favoritos en pie. https://t.co/7KVz452FfB

#GiroxElEspectador",2021-05-13 20:25:02,BogotÃ¡,"BogotÃ¡, Colombia",1392938960503119874,https://twitter.com/i/web/status/1392938960503119874
ğŸ˜±ğŸš´â€â™‚ï¸ Â¡InsÃ³lita situaciÃ³n! Carro del Bike Exchange atropellÃ³ al ciclista belga Pieter Serry en la sexta etapa del Giro de Italia â¡ï¸â¡ï¸ https://t.co/1GSqJONea8 https://t.co/HaXFSNnqJK,2021-05-13 20:20:00,BogotÃ¡,BogotÃ¡. Colombia,1392937693466697728,https://twitter.com/i/web/status/1392937693466697728
"#Giro | ğŸ‡®ğŸ‡¹ Reacciones de Egan Bernal luego de su gran actuaciÃ³n este jueves en la sexta etapa del Giro de Italia. ""Le dije a Castroviejo, si tiramos ahora podemos hacer algÃºn daÃ±o"". ğŸš´â€â™‚ï¸ğŸ‡¨ğŸ‡´

#VamosEscarabajos #ElPortalDelCiclismo

https://t.co/hsZlnhDlcM",2021-05-13 20:12:15,BogotÃ¡,"Bogota, Colombia",1392935742842757122,https://twitter.com/i/web/status/1392935742842757122
"#Giro | ğŸš´â€â™‚ï¸ğŸ‡¨ğŸ‡´ğŸ’—ğŸ‡®ğŸ‡¹ DECLARACIONES Egan Bernal @Eganbernal tras su ESPECTACULAR presentaciÃ³n en la 6a etapa del Giro de Italia 2021 ğŸš´â€â™‚ï¸ğŸ‡¨ğŸ‡´ğŸ’—ğŸ‡®ğŸ‡¹ğŸ†ğŸ‘ğŸ’ª

ğŸ“º @INEOSGrenadiers 

#VamosEscarabajos #VamosEgan #Ciclismo #Colombia https://t.co/IkJLzZ47fW",2021-05-13 20:06:23,BogotÃ¡,"Bogota, Colombia",1392934267584401408,https://twitter.com/i/web/status/1392934267584401408
"#DeportesRCN |VIDEO| ğŸ‡¨ğŸ‡´ğŸš´â€â™‚ï¸

AsÃ­ fue el ataque de Egan Bernal en la etapa 6 del Giro de Italia 2021

El colombiano se despegÃ³ del grupo a falta de pocos kilÃ³metros para la meta y junto a Remco Evenepoel y Dan Martin llegaron a meta, sacando segundos ... https://t.co/RLiOpOF06A",2021-05-13 20:00:47,BogotÃ¡,"BogotÃ¡, Colombia",1392932859346833411,https://twitter.com/i/web/status/1392932859346833411
"Â¡Giro en 120â€!â˜•ï¸ğŸ‡®ğŸ‡¹ğŸ‡¨ğŸ‡´

Giro de Italia, #Giro104 resumen del dÃ­a en dos minutos, etapa 6. #GiroDiItalia2021 
Hoy:
Â¡â€La revanchaâ€!ğŸ‘‡ğŸ» https://t.co/7s9Oypmbj5",2021-05-13 19:29:46,BogotÃ¡,"BogotÃ¡ D.C, Colombia ",1392925051272536065,https://twitter.com/i/web/status/1392925051272536065
AsÃ­ serÃ¡ la etapa 7 del Giro de Italia: los velocistas tendrÃ¡n una nueva oportunidad https://t.co/zoRzE6Z8Uc,2021-05-13 19:17:10,BogotÃ¡,BogotÃ¡,1392921880219238415,https://twitter.com/i/web/status/1392921880219238415
ğŸ”´ Â¡Gran etapa de Egan Bernal! ğŸš´ğŸ½ El colombiano ya es tercero en el Giro de Italia y aquÃ­ analizamos cÃ³mo va la competencia â†’ https://t.co/3krXiZKyx8 #LiveET https://t.co/mOj78BrsIP,2021-05-13 19:02:20,BogotÃ¡,"BogotÃ¡, Colombia",1392918148999962625,https://twitter.com/i/web/status/1392918148999962625
"@WinSportsTV @guzmancj50 @hpalau 
Giro de Italia ğŸ†ğŸ‡®ğŸ‡¹ğŸš´â€â™€ï¸
Entre 1997  y 2007, ğŸ“†ğŸš´â€â™€ï¸ esta competiciÃ³n fue ganada   exclusivamente  por escarabajos italianos .  
AquÃ­ repasamos estos ganadores en dicho lapso de tiempo:   
https://t.co/TGx60OsM0g https://t.co/HEmxCT7IkO",2021-05-13 18:58:57,BogotÃ¡,"BogotÃ¡, Colombia",1392917299066253313,https://twitter.com/i/web/status/1392917299066253313
Egan Bernal fue segundo en la 6Âª etapa del Giro de Italia y se ratifica como favorito al tÃ­tulo @Eganbernal @INEOSGrenadiers #ciclismo  https://t.co/XaM9Vr0lZA,2021-05-13 18:38:27,BogotÃ¡,BogotÃ¡ - Colombia,1392912138398797828,https://twitter.com/i/web/status/1392912138398797828
.@Eganbernal fue segundo en la 6Âª etapa del @giroditalia y se ratifica como favorito al tÃ­tulo @fedeciclismocol https://t.co/0MFwEDQhNL,2021-05-13 18:38:08,BogotÃ¡,BogotÃ¡,1392912057016664077,https://twitter.com/i/web/status/1392912057016664077
"Â¿CuÃ¡l es el momento ideal para que Egan sea lÃ­der del Giro? Hoy, a las 2 pm, anÃ¡lisis con Pello Ruiz Cabestani, exciclista espaÃ±ol y Miguel Rubiano, ganador de etapa en 2012. @ELTIEMPO  @HugoCaroJ  https://t.co/OmPBJJeOLm",2021-05-13 18:28:57,BogotÃ¡,BogotÃ¡,1392909746286600192,https://twitter.com/i/web/status/1392909746286600192
Attila Valter es nuevo lÃ­der del Giro de Italia: â€œSabÃ­a que podÃ­a hacer algo importanteâ€ https://t.co/IQD10kC19E,2021-05-13 18:26:03,BogotÃ¡,BogotÃ¡,1392909017148764163,https://twitter.com/i/web/status/1392909017148764163
"#Deportes | Buena jornada para los ciclistas cundinamarqueses en el Giro de Italia, el ZipaquireÃ±o @Eganbernal  arribo segundo a la meta en la etapa sexta. Por su parte el nacido en Soacha Daniel Felipe MartÃ­nez fue sÃ©ptimo.

MÃ¡s informaciÃ³n en: â¬‡â¬‡â¬‡

 https://t.co/2Kflj0iCK5",2021-05-13 18:20:50,BogotÃ¡,"Cundinamarca, Colombia",1392907706470645764,https://twitter.com/i/web/status/1392907706470645764
Los cinco datos que dejÃ³ victoria de Gino Mader en la etapa 6 del Giro de Italia https://t.co/t4dYIuX8ov,2021-05-13 18:09:04,BogotÃ¡,BogotÃ¡,1392904744134393860,https://twitter.com/i/web/status/1392904744134393860
"#Giro | ğŸ‡®ğŸ‡¹ Attila Valter se ilusiona con la disputa de las posiciones de privilegio del Giro de Italia, luego de asumir el liderato este jueves en la sexta fracciÃ³n. ""Me siento mÃ¡s confiado"". ğŸš´â€â™‚ï¸ğŸ‡­ğŸ‡º

#VamosEscarabajos #ElPortalDelCiclismo

https://t.co/Ogfw4Zd8n1",2021-05-13 18:04:57,BogotÃ¡,"Bogota, Colombia",1392903708732764169,https://twitter.com/i/web/status/1392903708732764169
"En el dÃ­a  de  hoy  se corriÃ³ la sexta etapa del Giro de Italia ğŸ‡®ğŸ‡¹ğŸš´â€â™€ï¸ entre Grotte  di Frasassi  y  Ascoli  Piceno ğŸ‡®ğŸ‡¹  con una distancia  de   160  km.   
https://t.co/36ZuzhqTXY https://t.co/ghejMs84sI",2021-05-13 17:58:06,BogotÃ¡,"BogotÃ¡, Colombia",1392901983472955395,https://twitter.com/i/web/status/1392901983472955395
Resumen del leÃ±ero de hoy Giro de Italia https://t.co/wv0Dcpgug6,2021-05-13 17:57:17,BogotÃ¡,Colombia,1392901777792634887,https://twitter.com/i/web/status/1392901777792634887
Video: Ataque de Egan Bernal en cierre de etapa seis del Giro de Italia https://t.co/3sMfb5WLfi,2021-05-13 17:56:09,BogotÃ¡,"BogotÃ¡, Colombia",1392901492546416643,https://twitter.com/i/web/status/1392901492546416643
"Â¡AnÃ¡lisis! Â¿CuÃ¡l es el momento ideal para que Egan sea lÃ­der del Giro? Hoy, con el espaÃ±ol Pello Ruiz Cabestany y el colombiano Miguel Rubiano, ganador de etapa en 2012. @ELTIEMPO https://t.co/OmPBJJeOLm Los esperamos. Alguna pregunta? 2 pm,",2021-05-13 17:52:43,BogotÃ¡,BogotÃ¡,1392900628259745792,https://twitter.com/i/web/status/1392900628259745792
"BoletÃ­n Informativo en #EmisiÃ³nCentralUR en deportes  (3/3)

5. La crisis social en Colombia vuelve a sacudir la Copa Libertadores @Libertadores âš½ï¸
 6. Giro de Italia: Egan @Eganbernal ya es tercero en la general ğŸš´â€â™€ï¸ğŸ†ğŸ… https://t.co/U8HaO7RqjW",2021-05-13 17:49:24,BogotÃ¡,BogotÃ¡ - Colombia,1392899796508237826,https://twitter.com/i/web/status/1392899796508237826
"â­• #ENVIVO 
#NoticiasCapital | El soachuno @danifmartinez96 y @Eganbernal  fueron protagonistas de la etapa 6 del Giro de Italia. 

Ahora el de ZipaquirÃ¡ es tercero en la general y sueÃ±a con la maglia rosa. 

â†“

https://t.co/cOtjOzkmSl https://t.co/I1AYUlOgyH",2021-05-13 17:48:07,BogotÃ¡,"BogotÃ¡, Colombia",1392899473182011401,https://twitter.com/i/web/status/1392899473182011401
Daniel MartÃ­nez limpiÃ³ el camino de Egan Bernal con poderoso ataque en etapa 6 del Giro de Italia https://t.co/BjfEbyOvVA,2021-05-13 17:42:06,BogotÃ¡,BogotÃ¡,1392897958467837957,https://twitter.com/i/web/status/1392897958467837957
Egan Bernal entrÃ³ al top 3 de la general en el Giro de Italia â€“ TDIÂ Colombia https://t.co/jEx2U1RojI,2021-05-13 17:40:21,BogotÃ¡,villavicencio,1392897517554225154,https://twitter.com/i/web/status/1392897517554225154
"Egan ATACA Remco SE DEFIENDE! / Etapa 6 Giro de Italia 2021 https://t.co/U9Z65SXiVz a travÃ©s de @YouTube 
#Giro104 #Giro #Giro2021",2021-05-13 17:40:13,BogotÃ¡,"BogotÃ¡, D.C., Colombia",1392897483165077516,https://twitter.com/i/web/status/1392897483165077516
"#ColombiaAlAire | Egan Bernal ya es tercero en el Giro de Italia, el corredor de ZipaquirÃ¡ fue segundo en la sexta etapa y recortÃ³ tiempo en la clasificaciÃ³n general.
ğŸ“»â¡  https://t.co/LPPvT06WLI
https://t.co/m2Bzc1wpN1",2021-05-13 17:38:26,BogotÃ¡,"BogotÃ¡, Colombia",1392897032910688259,https://twitter.com/i/web/status/1392897032910688259
"En video quedÃ³ registrado el momento en el que uno de los auto que acompaÃ±an a los ciclistas, atropella a uno de ellos. Esto durante el Giro de Italia ğŸ‘‰ https://t.co/508fFfBhaR https://t.co/XdlUKewAJh",2021-05-13 17:31:05,BogotÃ¡,BogotÃ¡,1392895183981842433,https://twitter.com/i/web/status/1392895183981842433
Conozca los detalles de la etapa 7 del Giro de Italia  https://t.co/YztmSQcyh4,2021-05-13 17:24:07,BogotÃ¡,"BogotÃ¡, Colombia",1392893433136750593,https://twitter.com/i/web/status/1392893433136750593
"Yo, que dije que me iba a contener, hoy ya me ilusionÃ© con Bernal. 

En esta cuenta no se habla mÃ¡s de Duque, el paro ni el COVID. Solo del #PrayForLaEspaldaDeBernal

https://t.co/naOlYDDERH",2021-05-13 17:15:44,BogotÃ¡,BogotÃ¡,1392891320805597187,https://twitter.com/i/web/status/1392891320805597187
Egan Bernal y el Ineos probaron inusual pero exitosa estrategia en la etapa 6 del Giro de Italia https://t.co/gYkmjt5KDg,2021-05-13 17:11:06,BogotÃ¡,BogotÃ¡,1392890155443294212,https://twitter.com/i/web/status/1392890155443294212
"Egan Bernal fue segundo en la etapa y se metiÃ³ al podio. #GiroItalia
General:
1. Attila Valter 22:17:06
2 Remco Evenepoel  a 0:11 
3 Egan Bernal a 0:16 
12 Daniel MartÃ­nez a 1:06
26 HÃ¡rold Tejada  a 4:13
35 Einer Rubio a 12:52
https://t.co/LMxHuSYYeH a travÃ©s de @eltiempo",2021-05-13 17:03:40,BogotÃ¡,BogotÃ¡ (Colombia),1392888284586594315,https://twitter.com/i/web/status/1392888284586594315
"#Giro | ğŸ‡®ğŸ‡¹ Reacciones de Gino Mader luego de obtener el triunfo este jueves en la sexta etapa del Giro de Italia. ""LogrÃ© hacer esto gracias a Matej Mohoric que fue muy fuerte"". ğŸš´â€â™‚ï¸ğŸ‡¨ğŸ‡­

#VamosEscarabajos #ElPortalDelCiclismo

https://t.co/rT5jGHDGIt",2021-05-13 17:03:36,BogotÃ¡,"Bogota, Colombia",1392888269747195906,https://twitter.com/i/web/status/1392888269747195906
"Giro de Italia 2021, etapa 7: asÃ­ serÃ¡ el recorrido de 181 kilÃ³metros https://t.co/0tRDFvRDLW",2021-05-13 16:56:36,BogotÃ¡,"BogotÃ¡, Colombia",1392886507954913284,https://twitter.com/i/web/status/1392886507954913284
Espectacular actuaciÃ³n de Egan Bernal. Fue segundo en sÃ©ptima etapa y ahora es tercero en Giro de Italia https://t.co/HDWWBc8BCf a travÃ©s de @wordpressdotcom @Diegonoticia   @DarioAngelR,2021-05-13 16:55:35,BogotÃ¡,BogotÃ¡- Colombia,1392886251364261888,https://twitter.com/i/web/status/1392886251364261888
#Internacional #Deportes |Egan Bernal se sube al tercer puesto del Giro de Italia tras llegar segundo en la sexta etapa #PereiraenVivoNoticias https://t.co/BhBmwVvXbS,2021-05-13 16:45:00,BogotÃ¡,"Pereira, Colombia",1392883587918278662,https://twitter.com/i/web/status/1392883587918278662
"#Deportes Egan Bernal fue segundo en la fracciÃ³n disputada sobre 160 kilÃ³metros, que contÃ³ con tres premios de montaÃ±a. 
https://t.co/m2Bzc1wpN1",2021-05-13 16:35:00,BogotÃ¡,"BogotÃ¡, Colombia",1392881070383767558,https://twitter.com/i/web/status/1392881070383767558
VIDEO | Carro atropella a ciclista en la etapa 6 del Giro de Italia https://t.co/SnxdvcAtI0,2021-05-13 16:20:47,BogotÃ¡,BogotÃ¡,1392877491589730305,https://twitter.com/i/web/status/1392877491589730305
"El colombiano Egan Bernal alcanzando el segundo lugar de la sexta etapa del Giro de Italia lo que lo pone en el tercer puesto de la clasificaciÃ³n general de la competencia internacional. 

https://t.co/PyjJcG2exJ",2021-05-13 16:16:12,BogotÃ¡,BogotÃ¡ ,1392876340253274114,https://twitter.com/i/web/status/1392876340253274114
#GirodeItalia  Egan ascendiÃ³ al top 3 de la competencia. Daniel Felipe MartÃ­nez fue Top 10 en la sexta jornada.  https://t.co/xiNNsjJmki,2021-05-13 16:15:35,BogotÃ¡,BogotÃ¡,1392876183864451080,https://twitter.com/i/web/status/1392876183864451080
Giro de Italia: Egan Bernal fue segundo en la sexta etapa y es ahora tercero en la general https://t.co/dRAOwBVUTq,2021-05-13 16:15:27,BogotÃ¡,"Colombia, BogotÃ¡",1392876149999423490,https://twitter.com/i/web/status/1392876149999423490
Gino Mader es el ciclista que fue superado en los Ãºltimos metros por Primoz Roglic en una etapa de la ParÃ­s-Niza y hoy tuvo una linda revancha en el Giro de Italia.,2021-05-13 16:13:04,BogotÃ¡,BogotÃ¡,1392875553439559687,https://twitter.com/i/web/status/1392875553439559687
Esta es la renta que tiene Egan sobre sus temidos rivales... @ELTIEMPO  https://t.co/Lcf7JYMwVL #ciclismo,2021-05-13 16:10:58,BogotÃ¡,BogotÃ¡,1392875023208259589,https://twitter.com/i/web/status/1392875023208259589
"#DeportesRCN |Los nuestros sacaron la casta| ğŸ‡¨ğŸ‡´ğŸš´â€â™‚ï¸

Egan Bernal y Daniel Felipe MartÃ­nez comandaron la gran carrera que tuvo el Ineos en la sexta etapa y subieron puestos en la general. Â¿CÃ³mo van los colombianos en el Giro de Italia 2021? 

#Nuestro... https://t.co/Cybyj3tDOq",2021-05-13 16:09:42,BogotÃ¡,"BogotÃ¡, Colombia",1392874704445321224,https://twitter.com/i/web/status/1392874704445321224
"Clasificaciones tras la sexta etapa del Giro de Italia 2021â¬‡ğŸšµâ€

Egan Bernal y Daniel MartÃ­nez en el TOP 20 de la CGğŸš¨ğŸ‡¨ğŸ‡´ https://t.co/yvAfz1gv5x",2021-05-13 16:09:37,BogotÃ¡,BogotÃ¡. Colombia,1392874682819530760,https://twitter.com/i/web/status/1392874682819530760
"#BoletÃ­nDeLaHorağŸ•š en el #DoradoRadioğŸ“»
ğŸš¨ @BernalEgan segundo en sexta etapa y tercero en la general del Giro de Italia.",2021-05-13 16:09:35,BogotÃ¡,"BogotÃ¡, D.C., Colombia",1392874676469260289,https://twitter.com/i/web/status/1392874676469260289
Egan Bernal fue segundo en la etapa 6 del Giro de Italia https://t.co/wPK2Ve2BcF,2021-05-13 16:05:28,BogotÃ¡,"BogotÃ¡, Colombia",1392873640732024836,https://twitter.com/i/web/status/1392873640732024836
"Egan bonificÃ³ en la llegada y le descontÃ³ seis segundos al belga Remco Evenepoel (Deceuninck), el primero en la general de los candidatos. https://t.co/nWQyIPHlMO vÃ­a @lapatriacom",2021-05-13 16:01:07,BogotÃ¡,"Manizales, Colombia",1392872543577591811,https://twitter.com/i/web/status/1392872543577591811
"Egan Bernal le gana el primer pulso a Evenepoel en San Giacomo
https://t.co/YT8tOwTGig https://t.co/nDAlitwEIX",2021-05-13 15:58:51,BogotÃ¡,"BogotÃ¡, Colombia",1392871974637084672,https://twitter.com/i/web/status/1392871974637084672
AsÃ­ quedaron los colombianos en la clasificaciÃ³n general del Giro de Italia tras la etapa 6 https://t.co/SWTsklNzY4,2021-05-13 15:57:05,BogotÃ¡,BogotÃ¡,1392871527918575619,https://twitter.com/i/web/status/1392871527918575619
"#Deportes Egan Bernal, segundo en la etapa y tercero en la general del Giro de Italia. #SinCandadoRadio. https://t.co/JDMANR39sC https://t.co/j1X7dRTvlk",2021-05-13 15:55:15,BogotÃ¡,"BogotÃ¡, D.C., Colombia",1392871067660820486,https://twitter.com/i/web/status/1392871067660820486
"ğŸ‡¨ğŸ‡´ Â¡AtenciÃ³n! Egan Bernal (@Eganbernal), segundo en la etapa, y a 16 segundos del liderato â¡ï¸ https://t.co/24pcanUqN4 https://t.co/EVgkgi6Kjc",2021-05-13 15:51:35,BogotÃ¡,BogotÃ¡,1392870146646085632,https://twitter.com/i/web/status/1392870146646085632
ğŸ‘ Egan Bernal fue segundo y quedÃ³ a 16 segundos del liderato. La etapa de este jueves del Giro de Italia fue el primer final en alto de la carrera. AsÃ­ quedÃ³ la ClasificaciÃ³n General ğŸ‘‰ https://t.co/3mtMCKGgmE https://t.co/o9HARmlzrm,2021-05-13 15:50:23,BogotÃ¡,BogotÃ¡,1392869842471067648,https://twitter.com/i/web/status/1392869842471067648
"Giro de Italia: Egan Bernal, segundo en la etapa y a 16 segundos del liderato https://t.co/9FonsrOCqb",2021-05-13 15:48:45,BogotÃ¡,"BogotÃ¡, Colombia",1392869430556864515,https://twitter.com/i/web/status/1392869430556864515
Egan Bernal segundo en la etapa 6 del Giro de Italia. El colombiano ya es tercero en la clasificaciÃ³n general a 16 segundos del lÃ­der,2021-05-13 15:48:16,BogotÃ¡,Colombia,1392869308422922240,https://twitter.com/i/web/status/1392869308422922240
"#GiroDeItalia2021 Egan Bernal le gana el primer pulso a Evenepoel en San Giacomo. 
https://t.co/55YXeX0eoJ

#GiroxElEspectador",2021-05-13 15:46:54,BogotÃ¡,"BogotÃ¡, Colombia",1392868966574481409,https://twitter.com/i/web/status/1392868966574481409
"#Giro | ğŸš´â€â™‚ï¸ğŸ‡®ğŸ‡¹ğŸ’—ğŸ‡¨ğŸ‡´ğŸ” TOP 10 de la CG del Giro de Italia con Egan Bernal TERCERO a 16â€ del NUEVO LÃDER, Attila Valter (@GroupamaFDJ) ğŸš´â€â™‚ï¸ğŸ‡¨ğŸ‡´ğŸ’—ğŸ‡®ğŸ‡¹ğŸ‘ğŸ’ª

#VamosEscarabajos #VamosEgan #Ciclismo #Colombia https://t.co/1dhlTfmVX3",2021-05-13 15:46:38,BogotÃ¡,"Bogota, Colombia",1392868898379272201,https://twitter.com/i/web/status/1392868898379272201
"#GirodeItalia  Los colombianos MartÃ­nez, Tejada y Rubio tambiÃ©n fueron protagonistas. Hay cambios en la clasificaciÃ³n general. https://t.co/9myALJSLpv",2021-05-13 15:45:15,BogotÃ¡,BogotÃ¡,1392868551615201283,https://twitter.com/i/web/status/1392868551615201283
Escarabajos de altura: Gran dÃ­a de los colombianos en montaÃ±a del #Giro de Italia [VIDEO] https://t.co/k16ze4jxsy,2021-05-13 15:45:05,BogotÃ¡,"BogotÃ¡, D.C., Colombia",1392868508770476035,https://twitter.com/i/web/status/1392868508770476035
Escarabajos de altura: Gran dÃ­a de los colombianos en montaÃ±a del #Giro de Italia [VIDEO] https://t.co/PRYoegQs7C,2021-05-13 15:45:03,BogotÃ¡,BogotÃ¡ - Colombia,1392868502458019851,https://twitter.com/i/web/status/1392868502458019851
Â¡Ya es tercero! Egan Bernal estÃ¡ a punto de calzarse la maglia rosa y reta a un mano a mano a Evenepoel  https://t.co/cqlV6Eus6v,2021-05-13 15:44:16,BogotÃ¡,BogotÃ¡,1392868302494523407,https://twitter.com/i/web/status/1392868302494523407
"#Giro | ğŸ‡®ğŸ‡¹ Con su segunda posiciÃ³n en la primera etapa con final en alto del Giro de Italia, Egan Bernal impone condiciones ante los favoritos y se ubica tercero en la CG. ğŸš´â€â™‚ï¸ğŸ‡¨ğŸ‡´

#VamosEscarabajos #ElPortalDelCiclismo

https://t.co/jhPigWpBAe",2021-05-13 15:41:04,BogotÃ¡,"Bogota, Colombia",1392867498329051136,https://twitter.com/i/web/status/1392867498329051136
Â¡Ya es tercero! Egan Bernal estÃ¡ a punto de calzarse la maglia rosa y reta a un mano a mano a Evenepoel  https://t.co/3mXXB288SL,2021-05-13 15:40:21,BogotÃ¡,BogotÃ¡,1392867318229839872,https://twitter.com/i/web/status/1392867318229839872
"ğŸ“°MÃ¡s INFO:

ğŸš²https://t.co/vvMZL1W65e

#GiroDeItalia2021 
#eganbernal https://t.co/ttk2PuQ5vY",2021-05-13 15:39:56,BogotÃ¡,BogotÃ¡ - Colombia,1392867213359685634,https://twitter.com/i/web/status/1392867213359685634
"A kilÃ³metro y medio del final, el joven maravilla dijo ""acÃ¡ estoy yo"" y llegÃ³ segundo en la sexta etapa  https://t.co/8Pw24TjWrg https://t.co/t42izaUqm2",2021-05-13 15:37:37,BogotÃ¡,BogotÃ¡,1392866631865585667,https://twitter.com/i/web/status/1392866631865585667
"#Giro | ğŸš´â€â™‚ï¸ğŸ‡®ğŸ‡¹ğŸ’—ğŸ‡¨ğŸ‡´ğŸ” TOP 10 de la 6a etapa del Giro de Italia con Egan Bernal segundo en Ascoli Piceno a 12â€ del ganador Gino Mader ğŸš´â€â™‚ï¸ğŸ‡¨ğŸ‡´ğŸ’—ğŸ‡®ğŸ‡¹ğŸ‘ğŸ’ª

#VamosEscarabajos #VamosEgan #Ciclismo #Colombia https://t.co/t9ubT9BYJQ",2021-05-13 15:35:14,BogotÃ¡,"Bogota, Colombia",1392866030205145093,https://twitter.com/i/web/status/1392866030205145093
"Escalofriante momento en el que un ciclista es atropellado en la etapa 6 del Giro de Italia

https://t.co/DRa14wRB1K

@NoticiasCaracol https://t.co/3QS0Z7iN7Y",2021-05-13 15:33:47,BogotÃ¡,"BogotÃ¡, Colombia",1392865665543983107,https://twitter.com/i/web/status/1392865665543983107
Clasificaciones: Egan ya es tercero en la general y a 16 s del liderato. https://t.co/8CElRxdlrU @ELTIEMPO,2021-05-13 15:31:40,BogotÃ¡,BogotÃ¡,1392865132351565824,https://twitter.com/i/web/status/1392865132351565824
"#DeportesRCN |Es tercero de la general| 

Egan Bernal protagonizÃ³ una carrera magistral. AtacÃ³, sacÃ³ ventaja y llegÃ³ segundo. Al final,  Gino Mader aprovechÃ³ la fuga y ganÃ³ la sexta fracciÃ³n del Giro de Italia 2021.

#NuestroCiclismo 
   https://t.co/Zn36zuSvm9",2021-05-13 15:29:53,BogotÃ¡,"BogotÃ¡, Colombia",1392864683217068039,https://twitter.com/i/web/status/1392864683217068039
"ğŸ‡¨ğŸ‡´Gran actuaciÃ³n de Egan Bernal llegando segundo en la etapa de hoy en el Giro de Italia. El escarabajo se ve sÃ³lido, al parecer los dolores de espalda estÃ¡n superados. AscendiÃ³ al tercer puesto de la clasificaciÃ³n general. De los favoritos, Egan ha sido el Ãºnico que ataca. https://t.co/Br0LYZD7rW",2021-05-13 15:29:08,BogotÃ¡,Manizales,1392864494754336769,https://twitter.com/i/web/status/1392864494754336769
Egan Bernal brillÃ³ en la etapa 6 del Giro de Italia y ya es tercero de la general https://t.co/CgawkYZkPP,2021-05-13 15:29:04,BogotÃ¡,BogotÃ¡,1392864479189291008,https://twitter.com/i/web/status/1392864479189291008
"#Giro | ğŸš´â€â™‚ï¸ğŸ‡®ğŸ‡¹ğŸ’—ğŸ‡¨ğŸ‡´ Â¡ETAPÃ“N DE EGAN!
Egan Bernal segundo en la 6a etapa del Giro de Italia 2021 y ahora tercero en la CG de la Maglia Rosa ğŸš´â€â™‚ï¸ğŸ‡¨ğŸ‡´ğŸ†ğŸ’—ğŸ’ªğŸ‘

#VamosEscarabajos #VamosEgan #Ciclismo #Colombia 

ğŸ“¸ @INEOSGrenadiers https://t.co/KDBpdinAB3",2021-05-13 15:28:42,BogotÃ¡,"Bogota, Colombia",1392864384293146627,https://twitter.com/i/web/status/1392864384293146627
"A kilÃ³metro y medio del final, el joven maravilla dijo ""acÃ¡ estoy yo"" y llegÃ³ segundo en la sexta etapa  https://t.co/hVo5EBIkXS https://t.co/Ml3yduFmel",2021-05-13 15:27:27,BogotÃ¡,BogotÃ¡,1392864072530636802,https://twitter.com/i/web/status/1392864072530636802
"#Giro | ğŸš´â€â™‚ï¸ğŸ‡®ğŸ‡¹ğŸ’—ğŸ‡¨ğŸ‡´ Â¡ETAPÃ“N DE EGAN!
Egan Bernal segundo en la 6a etapa del Giro de Italia 2021 y ahora tercero en la CG de la Maglia Rosa ğŸš´â€â™‚ï¸ğŸ‡¨ğŸ‡´ğŸ†ğŸ’—ğŸ’ªğŸ‘

#VamosEscarabajos 
https://t.co/cxTyf4zuL1",2021-05-13 15:27:16,BogotÃ¡,"Bogota, Colombia",1392864025143300102,https://twitter.com/i/web/status/1392864025143300102
Â¡Golpea el Ineos! ğŸ‡¨ğŸ‡´ğŸ”¥ğŸš´â€â™‚ï¸Egan Bernal otra vez comandÃ³ el ataque en los favoritos y ya se metiÃ³ al podio de la general en el Giro de Italia â¡ï¸â¡ï¸ https://t.co/8GamOAK0X6 https://t.co/lLrXUYOAaz,2021-05-13 15:26:56,BogotÃ¡,BogotÃ¡. Colombia,1392863941211066373,https://twitter.com/i/web/status/1392863941211066373
"Buena etapa de @Eganbernal en el Giro de Italia, y subiÃ³ al 3er lugar de la general grande #eganbernal",2021-05-13 15:26:13,BogotÃ¡,BogotÃ¡,1392863763284611072,https://twitter.com/i/web/status/1392863763284611072
VIDEO | Carro atropella a ciclista en la etapa 6 del Giro de Italia https://t.co/sjA9G8TAA4,2021-05-13 15:25:18,BogotÃ¡,BogotÃ¡,1392863531704459265,https://twitter.com/i/web/status/1392863531704459265
"Otra buena actuaciÃ³n de Egan Bernal en el Giro de Italia. Cruza la meta segundo, y pasa del 10Â° puesto al tercero. Se pone a 16"" de Attila Valter, lÃ­der de la general. Y no descartemos a Dani MartÃ­nez, que dinamitÃ³ el pelotÃ³n en los metros finales.",2021-05-13 15:25:03,BogotÃ¡,"BogotÃ¡, D.C., Colombia",1392863466369830927,https://twitter.com/i/web/status/1392863466369830927
"Con el segundo lugar en la sexta etapa, Egan Bernal, ahora es tercero en la general del Giro de Italia. Attila Valter es el nuevo lÃ­der.",2021-05-13 15:24:24,BogotÃ¡,BogotÃ¡- Colombia,1392863305845313539,https://twitter.com/i/web/status/1392863305845313539
"Â¡AtenciÃ³n! Egan Bernal, segundo en la etapa, y mÃ¡s cerca del liderato. La etapa de este jueves del Giro de Italia fue el primer final en alto de la carrera. AsÃ­ le fue al colombiano ğŸ‘‰ https://t.co/o1qr2eUsBX https://t.co/DmZ9QfTQ0t",2021-05-13 15:23:36,BogotÃ¡,"BogotÃ¡, Colombia",1392863103465963522,https://twitter.com/i/web/status/1392863103465963522
Egan Bernal ya es tercero en el Giro de Italia. Hoy fue segundo en la etapa !!!!,2021-05-13 15:22:54,BogotÃ¡,BogotÃ¡,1392862927632445440,https://twitter.com/i/web/status/1392862927632445440
"#Giro | ğŸš´â€â™‚ï¸ğŸ‡®ğŸ‡¹ğŸ’— VICTORIA para Gino Mader (@BHRVictorious) en la 6a etapa del Giro de Italia 2021. 

ğŸš´â€â™‚ï¸ğŸ‡¨ğŸ‡´ ESPECTACULAR ACTUACIÃ“N de Egan Bernal, segundo en la etapa y de nuevo sumando tiempo valioso sobre todos sus rivalesğŸš´â€â™‚ï¸ğŸ‡¨ğŸ‡´

#VamosEscarabajos https://t.co/3skT4Cmuug",2021-05-13 15:21:51,BogotÃ¡,"Bogota, Colombia",1392862663844241411,https://twitter.com/i/web/status/1392862663844241411
En una gran actuaciÃ³n el colombiano Egan Bernal fue segundo en la sexta etapa del Giro de Italia este jueves donde se impuso el suizo Gino Madrr (Bahrain).,2021-05-13 15:18:46,BogotÃ¡,BogotÃ¡- Colombia,1392861884915847169,https://twitter.com/i/web/status/1392861884915847169
Golpe de Egan Bernal en Giro de Italia https://t.co/5DQOUOikBC,2021-05-13 15:18:08,BogotÃ¡,"BogotÃ¡, Colombia",1392861727776247810,https://twitter.com/i/web/status/1392861727776247810
"Bien Egan, segundo en la etapa del Giro de Italia y mostrÃ¡ndose fuerte. 
#Giro2021",2021-05-13 15:17:48,BogotÃ¡,Bogota,1392861643441311744,https://twitter.com/i/web/status/1392861643441311744
Gino Mader ganÃ³ la etapa 6 del Giro de Italia. Egan Bernal llegÃ³ segundo y le descontÃ³ seis segundos a Remco Evenepoel por la bonificaciÃ³n.,2021-05-13 15:17:42,BogotÃ¡,BogotÃ¡,1392861616081981444,https://twitter.com/i/web/status/1392861616081981444
#Giro | Egan Bernal llegÃ³ segundo en la meta y el tercero fue Dan Martin [EN VIVO] https://t.co/qCeEtMh0k9,2021-05-13 15:16:41,BogotÃ¡,"BogotÃ¡, D.C., Colombia",1392861360078327811,https://twitter.com/i/web/status/1392861360078327811
#Giro | Egan Bernal llegÃ³ segundo en la meta y el tercero fue Dan Martin [EN VIVO] https://t.co/3qnAkaUN1v,2021-05-13 15:16:35,BogotÃ¡,BogotÃ¡ - Colombia,1392861336175005699,https://twitter.com/i/web/status/1392861336175005699
#Giro | GanÃ³ Gino Mader la etapa 5 del Giro de Italia [EN VIVO] #EnVivo https://t.co/cvmYhDb9W6,2021-05-13 15:16:33,BogotÃ¡,"BogotÃ¡, D.C., Colombia",1392861330646966273,https://twitter.com/i/web/status/1392861330646966273
#Giro | GanÃ³ Gino Mader la etapa 5 del Giro de Italia [EN VIVO] #EnVivo https://t.co/UhraEGUqjv,2021-05-13 15:16:30,BogotÃ¡,BogotÃ¡ - Colombia,1392861315673346051,https://twitter.com/i/web/status/1392861315673346051
